INSERT INTO table1(data) VALUES ('placeholder a');
INSERT INTO table1(data) VALUES ('placeholder b');
INSERT INTO table1a(table1_id,data) VALUES (1,'placeholder a');
INSERT INTO table1a(table1_id,data) VALUES (2,'placeholder b');

INSERT INTO table2(data) VALUES ('placeholder a');
INSERT INTO table2(data) VALUES ('placeholder b');
INSERT INTO table2a(table2_id,data) VALUES (1,'placeholder a');
INSERT INTO table2a(table2_id,data) VALUES (2,'placeholder b');

INSERT INTO table3(data) VALUES ('placeholder a');
INSERT INTO table3(data) VALUES ('placeholder b');
INSERT INTO table3a(table3_id,data) VALUES (1,'placeholder a');
INSERT INTO table3a(table3_id,data) VALUES (2,'placeholder b');

INSERT INTO table4(data) VALUES ('placeholder a');
INSERT INTO table4(data) VALUES ('placeholder b');
INSERT INTO table4a(table4_id,data) VALUES (1,'placeholder a');
INSERT INTO table4a(table4_id,data) VALUES (2,'placeholder b');

INSERT INTO table5(data) VALUES ('placeholder a');
INSERT INTO table5(data) VALUES ('placeholder b');
INSERT INTO table5a(table5_id,data) VALUES (1,'placeholder a');
INSERT INTO table5a(table5_id,data) VALUES (2,'placeholder b');

INSERT INTO table6(data) VALUES ('placeholder a');
INSERT INTO table6(data) VALUES ('placeholder b');
INSERT INTO table6a(table6_id,data) VALUES (1,'placeholder a');
INSERT INTO table6a(table6_id,data) VALUES (2,'placeholder b');

INSERT INTO table7(data) VALUES ('placeholder a');
INSERT INTO table7(data) VALUES ('placeholder b');
INSERT INTO table7a(table7_id,data) VALUES (1,'placeholder a');
INSERT INTO table7a(table7_id,data) VALUES (2,'placeholder b');

INSERT INTO table8(data) VALUES ('placeholder a');
INSERT INTO table8(data) VALUES ('placeholder b');
INSERT INTO table8a(table8_id,data) VALUES (1,'placeholder a');
INSERT INTO table8a(table8_id,data) VALUES (2,'placeholder b');

INSERT INTO table9(data) VALUES ('placeholder a');
INSERT INTO table9(data) VALUES ('placeholder b');
INSERT INTO table9a(table9_id,data) VALUES (1,'placeholder a');
INSERT INTO table9a(table9_id,data) VALUES (2,'placeholder b');

INSERT INTO tablea(data) VALUES ('placeholder a');
INSERT INTO tablea(data) VALUES ('placeholder b');
INSERT INTO tableaa(tablea_id,data) VALUES (1,'placeholder a');
INSERT INTO tableaa(tablea_id,data) VALUES (2,'placeholder b');
